order_id,store_id,product_code,uom_code,quantity,order_date
ORD00012,S001,P003,PCS,12,2026-03-02
ORD00021,S003,P006,PCS,29,2026-03-02
ORD00043,S001,P004,PCS,6,2026-03-02
ORD00058,S001,P004,PCS,6,2026-03-02
ORD00067,S003,P008,PCS,24,2026-03-02
ORD00078,S004,P002,PCS,10,2026-03-02
ORD00109,S001,P001,PCS,5,2026-03-02
ORD00165,S001,P003,PCS,15,2026-03-02
ORD00167,S002,P008,PCS,7,2026-03-02
ORD00182,S002,P005,PCS,6,2026-03-02
ORD00212,S002,P007,PCS,7,2026-03-02
ORD00227,S005,P010,PCS,28,2026-03-02
ORD00234,S001,P009,PCS,20,2026-03-02
ORD00370,S004,P006,PCS,4,2026-03-02
ORD00376,S001,P003,PCS,26,2026-03-02
ORD00412,S002,P009,PCS,13,2026-03-02
ORD00487,S001,P005,PCS,3,2026-03-02
ORD00494,S001,P007,PCS,26,2026-03-02
ORD00511,S004,P008,PCS,10,2026-03-02
ORD00544,S004,P005,PCS,5,2026-03-02
ORD00546,S001,P002,PCS,5,2026-03-02
ORD00555,S003,P008,PCS,22,2026-03-02
ORD00569,S004,P008,PCS,21,2026-03-02
ORD00583,S002,P004,PCS,10,2026-03-02
ORD00586,S004,P008,PCS,13,2026-03-02
ORD00597,S004,P007,PCS,4,2026-03-02
ORD00618,S001,P009,PCS,24,2026-03-02
ORD00698,S003,P008,PCS,26,2026-03-02
ORD00775,S003,P006,PCS,15,2026-03-02
ORD00794,S004,P008,PCS,11,2026-03-02
ORD00883,S003,P006,PCS,24,2026-03-02
ORD00896,S003,P006,PCS,17,2026-03-02
ORD00906,S002,P002,PCS,7,2026-03-02
ORD00059,S002,P009,PCS,11,2026-03-03
ORD00125,S001,P001,PCS,4,2026-03-03
ORD00130,S004,P002,PCS,27,2026-03-03
ORD00146,S002,P007,PCS,5,2026-03-03
ORD00203,S001,P003,PCS,26,2026-03-03
ORD00216,S005,P005,PCS,21,2026-03-03
ORD00233,S003,P002,PCS,5,2026-03-03
ORD00249,S002,P007,PCS,6,2026-03-03
ORD00329,S003,P009,PCS,3,2026-03-03
ORD00349,S002,P009,PCS,27,2026-03-03
ORD00360,S001,P009,PCS,25,2026-03-03
ORD00378,S001,P009,PCS,12,2026-03-03
ORD00386,S004,P008,PCS,21,2026-03-03
ORD00387,S002,P006,PCS,7,2026-03-03
ORD00402,S005,P010,PCS,12,2026-03-03
ORD00406,S001,P009,PCS,13,2026-03-03
ORD00455,S003,P008,PCS,20,2026-03-03
ORD00467,S004,P008,PCS,27,2026-03-03
ORD00503,S002,P010,PCS,1,2026-03-03
ORD00516,S001,P004,PCS,2,2026-03-03
ORD00525,S003,P001,PCS,12,2026-03-03
ORD00541,S004,P004,PCS,1,2026-03-03
ORD00567,S001,P004,PCS,4,2026-03-03
ORD00582,S004,P001,PCS,4,2026-03-03
ORD00637,S003,P003,PCS,4,2026-03-03
ORD00684,S001,P005,PCS,7,2026-03-03
ORD00706,S001,P007,PCS,19,2026-03-03
ORD00819,S005,P010,PCS,21,2026-03-03
ORD00851,S002,P005,PCS,4,2026-03-03
ORD00934,S002,P001,PCS,2,2026-03-03
ORD00959,S001,P003,PCS,19,2026-03-03
ORD00008,S003,P003,PCS,3,2026-03-04
ORD00051,S005,P001,PCS,4,2026-03-04
ORD00070,S005,P006,PCS,4,2026-03-04
ORD00081,S003,P001,PCS,26,2026-03-04
ORD00138,S004,P008,PCS,27,2026-03-04
ORD00148,S003,P002,PCS,3,2026-03-04
ORD00250,S003,P001,PCS,16,2026-03-04
ORD00295,S003,P002,PCS,5,2026-03-04
ORD00317,S001,P003,PCS,24,2026-03-04
ORD00338,S004,P002,PCS,15,2026-03-04
ORD00358,S002,P002,PCS,5,2026-03-04
ORD00398,S004,P002,PCS,20,2026-03-04
ORD00454,S001,P009,PCS,10,2026-03-04
ORD00462,S004,P010,PCS,2,2026-03-04
ORD00520,S005,P008,PCS,4,2026-03-04
ORD00532,S004,P005,PCS,3,2026-03-04
ORD00551,S004,P006,PCS,6,2026-03-04
ORD00653,S005,P010,PCS,22,2026-03-04
ORD00656,S001,P004,PCS,1,2026-03-04
ORD00705,S002,P003,PCS,7,2026-03-04
ORD00808,S001,P003,PCS,23,2026-03-04
ORD00831,S005,P010,PCS,24,2026-03-04
ORD00877,S002,P009,PCS,22,2026-03-04
ORD00879,S001,P006,PCS,2,2026-03-04
ORD00909,S005,P009,PCS,2,2026-03-04
ORD00943,S003,P001,PCS,17,2026-03-04
ORD00001,S002,P004,PCS,11,2026-03-05
ORD00048,S001,P003,PCS,12,2026-03-05
ORD00137,S003,P006,PCS,17,2026-03-05
ORD00151,S005,P005,PCS,19,2026-03-05
ORD00159,S002,P004,PCS,24,2026-03-05
ORD00162,S005,P006,PCS,3,2026-03-05
ORD00185,S002,P003,PCS,2,2026-03-05
ORD00204,S002,P006,PCS,1,2026-03-05
ORD00213,S001,P003,PCS,27,2026-03-05
ORD00229,S003,P008,PCS,26,2026-03-05
ORD00247,S003,P006,PCS,22,2026-03-05
ORD00258,S001,P007,PCS,17,2026-03-05
ORD00275,S005,P009,PCS,7,2026-03-05
ORD00321,S004,P010,PCS,2,2026-03-05
ORD00347,S001,P008,PCS,1,2026-03-05
ORD00369,S002,P004,PCS,29,2026-03-05
ORD00382,S003,P006,PCS,12,2026-03-05
ORD00464,S005,P010,PCS,22,2026-03-05
ORD00465,S004,P001,PCS,5,2026-03-05
ORD00469,S005,P010,PCS,28,2026-03-05
ORD00493,S001,P009,PCS,19,2026-03-05
ORD00514,S003,P001,PCS,15,2026-03-05
ORD00545,S005,P009,PCS,3,2026-03-05
ORD00651,S004,P002,PCS,27,2026-03-05
ORD00667,S002,P007,PCS,2,2026-03-05
ORD00671,S003,P005,PCS,7,2026-03-05
ORD00685,S005,P010,PCS,24,2026-03-05
ORD00711,S004,P006,PCS,7,2026-03-05
ORD00738,S004,P002,PCS,10,2026-03-05
ORD00771,S003,P006,PCS,27,2026-03-05
ORD00777,S003,P004,PCS,5,2026-03-05
ORD00846,S003,P001,PCS,10,2026-03-05
ORD00864,S004,P008,PCS,27,2026-03-05
ORD00873,S004,P002,PCS,17,2026-03-05
ORD00951,S002,P001,PCS,1,2026-03-05
ORD00971,S005,P004,PCS,2,2026-03-05
ORD00979,S001,P010,PCS,3,2026-03-05
ORD00996,S002,P001,PCS,6,2026-03-05
ORD00011,S002,P004,PCS,12,2026-03-06
ORD00037,S002,P009,PCS,14,2026-03-06
ORD00072,S001,P007,PCS,21,2026-03-06
ORD00121,S004,P001,PCS,6,2026-03-06
ORD00139,S001,P009,PCS,27,2026-03-06
ORD00189,S004,P004,PCS,5,2026-03-06
ORD00223,S003,P006,PCS,15,2026-03-06
ORD00261,S002,P003,PCS,5,2026-03-06
ORD00265,S001,P009,PCS,11,2026-03-06
ORD00290,S004,P005,PCS,3,2026-03-06
ORD00291,S004,P006,PCS,3,2026-03-06
ORD00409,S001,P003,PCS,28,2026-03-06
ORD00434,S001,P009,PCS,17,2026-03-06
ORD00478,S002,P003,PCS,4,2026-03-06
ORD00479,S001,P005,PCS,4,2026-03-06
ORD00497,S002,P001,PCS,2,2026-03-06
ORD00576,S003,P008,PCS,26,2026-03-06
ORD00593,S001,P006,PCS,1,2026-03-06
ORD00600,S001,P008,PCS,7,2026-03-06
ORD00601,S003,P006,PCS,13,2026-03-06
ORD00642,S005,P005,PCS,10,2026-03-06
ORD00687,S005,P006,PCS,2,2026-03-06
ORD00699,S001,P007,PCS,20,2026-03-06
ORD00709,S004,P008,PCS,19,2026-03-06
ORD00742,S001,P002,PCS,4,2026-03-06
ORD00780,S004,P002,PCS,13,2026-03-06
ORD00817,S005,P010,PCS,19,2026-03-06
ORD00840,S004,P005,PCS,3,2026-03-06
ORD00901,S004,P002,PCS,28,2026-03-06
ORD00946,S003,P001,PCS,16,2026-03-06
ORD00967,S002,P009,PCS,25,2026-03-06
ORD00970,S001,P009,PCS,29,2026-03-06
ORD00999,S005,P010,PCS,27,2026-03-06
ORD00063,S004,P005,PCS,5,2026-03-07
ORD00140,S001,P009,PCS,10,2026-03-07
ORD00155,S003,P008,PCS,14,2026-03-07
ORD00156,S001,P009,PCS,15,2026-03-07
ORD00164,S001,P010,PCS,5,2026-03-07
ORD00301,S003,P009,PCS,1,2026-03-07
ORD00326,S001,P009,PCS,22,2026-03-07
ORD00328,S001,P004,PCS,1,2026-03-07
ORD00359,S002,P008,PCS,4,2026-03-07
ORD00383,S001,P008,PCS,1,2026-03-07
ORD00394,S001,P005,PCS,4,2026-03-07
ORD00414,S005,P004,PCS,7,2026-03-07
ORD00460,S003,P003,PCS,3,2026-03-07
ORD00481,S001,P008,PCS,1,2026-03-07
ORD00499,S004,P008,PCS,19,2026-03-07
ORD00509,S002,P010,PCS,4,2026-03-07
ORD00512,S005,P005,PCS,23,2026-03-07
ORD00530,S003,P002,PCS,3,2026-03-07
ORD00553,S001,P008,PCS,6,2026-03-07
ORD00574,S003,P005,PCS,3,2026-03-07
ORD00577,S001,P007,PCS,20,2026-03-07
ORD00655,S001,P009,PCS,11,2026-03-07
ORD00672,S001,P007,PCS,24,2026-03-07
ORD00676,S002,P005,PCS,6,2026-03-07
ORD00729,S001,P005,PCS,5,2026-03-07
ORD00749,S005,P002,PCS,7,2026-03-07
ORD00766,S003,P008,PCS,10,2026-03-07
ORD00782,S001,P005,PCS,3,2026-03-07
ORD00805,S004,P008,PCS,21,2026-03-07
ORD00826,S004,P008,PCS,12,2026-03-07
ORD00874,S005,P001,PCS,3,2026-03-07
ORD00878,S002,P006,PCS,7,2026-03-07
ORD00933,S005,P008,PCS,5,2026-03-07
ORD00935,S005,P010,PCS,27,2026-03-07
ORD00948,S002,P004,PCS,19,2026-03-07
ORD00975,S001,P003,PCS,15,2026-03-07
ORD00017,S005,P004,PCS,3,2026-03-08
ORD00034,S004,P009,PCS,2,2026-03-08
ORD00069,S005,P001,PCS,7,2026-03-08
ORD00073,S002,P010,PCS,4,2026-03-08
ORD00094,S005,P005,PCS,23,2026-03-08
ORD00100,S001,P006,PCS,1,2026-03-08
ORD00104,S005,P005,PCS,10,2026-03-08
ORD00179,S005,P001,PCS,3,2026-03-08
ORD00197,S005,P005,PCS,29,2026-03-08
ORD00257,S004,P008,PCS,23,2026-03-08
ORD00306,S004,P008,PCS,23,2026-03-08
ORD00311,S005,P010,PCS,20,2026-03-08
ORD00341,S005,P005,PCS,24,2026-03-08
ORD00354,S004,P008,PCS,24,2026-03-08
ORD00368,S004,P010,PCS,7,2026-03-08
ORD00413,S001,P009,PCS,29,2026-03-08
ORD00433,S001,P003,PCS,28,2026-03-08
ORD00500,S003,P003,PCS,5,2026-03-08
ORD00529,S004,P004,PCS,1,2026-03-08
ORD00562,S003,P007,PCS,5,2026-03-08
ORD00565,S005,P001,PCS,4,2026-03-08
ORD00570,S002,P003,PCS,2,2026-03-08
ORD00603,S005,P010,PCS,14,2026-03-08
ORD00661,S004,P008,PCS,10,2026-03-08
ORD00663,S003,P005,PCS,4,2026-03-08
ORD00701,S003,P007,PCS,2,2026-03-08
ORD00732,S003,P009,PCS,6,2026-03-08
ORD00768,S005,P006,PCS,1,2026-03-08
ORD00781,S002,P001,PCS,1,2026-03-08
ORD00797,S003,P007,PCS,5,2026-03-08
ORD00872,S001,P006,PCS,1,2026-03-08
ORD00995,S001,P002,PCS,4,2026-03-08
ORD00007,S001,P008,PCS,7,2026-03-09
ORD00022,S004,P008,PCS,18,2026-03-09
ORD00040,S004,P008,PCS,29,2026-03-09
ORD00044,S005,P004,PCS,7,2026-03-09
ORD00068,S002,P006,PCS,5,2026-03-09
ORD00111,S004,P008,PCS,13,2026-03-09
ORD00144,S003,P006,PCS,26,2026-03-09
ORD00207,S004,P002,PCS,10,2026-03-09
ORD00239,S005,P006,PCS,1,2026-03-09
ORD00269,S004,P008,PCS,14,2026-03-09
ORD00310,S001,P002,PCS,2,2026-03-09
ORD00343,S004,P002,PCS,27,2026-03-09
ORD00346,S003,P008,PCS,24,2026-03-09
ORD00357,S001,P003,PCS,23,2026-03-09
ORD00391,S005,P007,PCS,6,2026-03-09
ORD00427,S002,P009,PCS,20,2026-03-09
ORD00428,S002,P008,PCS,1,2026-03-09
ORD00430,S004,P001,PCS,5,2026-03-09
ORD00439,S005,P010,PCS,11,2026-03-09
ORD00463,S005,P006,PCS,7,2026-03-09
ORD00585,S001,P009,PCS,11,2026-03-09
ORD00620,S001,P004,PCS,7,2026-03-09
ORD00635,S001,P007,PCS,18,2026-03-09
ORD00664,S003,P009,PCS,1,2026-03-09
ORD00689,S002,P009,PCS,11,2026-03-09
ORD00828,S002,P004,PCS,16,2026-03-09
ORD00869,S001,P002,PCS,1,2026-03-09
ORD00910,S002,P009,PCS,19,2026-03-09
ORD00925,S005,P010,PCS,18,2026-03-09
ORD00927,S001,P001,PCS,5,2026-03-09
ORD00939,S003,P010,PCS,5,2026-03-09
ORD00944,S003,P001,PCS,16,2026-03-09
ORD00024,S002,P004,PCS,29,2026-03-10
ORD00050,S005,P006,PCS,5,2026-03-10
ORD00090,S004,P009,PCS,7,2026-03-10
ORD00096,S003,P002,PCS,2,2026-03-10
ORD00142,S001,P010,PCS,2,2026-03-10
ORD00170,S002,P005,PCS,2,2026-03-10
ORD00199,S001,P007,PCS,26,2026-03-10
ORD00219,S002,P003,PCS,2,2026-03-10
ORD00260,S002,P002,PCS,1,2026-03-10
ORD00302,S003,P006,PCS,26,2026-03-10
ORD00309,S003,P006,PCS,16,2026-03-10
ORD00337,S003,P001,PCS,14,2026-03-10
ORD00351,S001,P005,PCS,3,2026-03-10
ORD00396,S005,P005,PCS,10,2026-03-10
ORD00405,S005,P004,PCS,6,2026-03-10
ORD00423,S004,P002,PCS,29,2026-03-10
ORD00425,S002,P004,PCS,18,2026-03-10
ORD00507,S002,P009,PCS,13,2026-03-10
ORD00535,S003,P003,PCS,4,2026-03-10
ORD00536,S004,P007,PCS,3,2026-03-10
ORD00560,S002,P006,PCS,5,2026-03-10
ORD00703,S002,P004,PCS,25,2026-03-10
ORD00719,S001,P003,PCS,11,2026-03-10
ORD00721,S005,P010,PCS,18,2026-03-10
ORD00743,S001,P007,PCS,26,2026-03-10
ORD00769,S004,P001,PCS,2,2026-03-10
ORD00800,S002,P009,PCS,10,2026-03-10
ORD00801,S005,P009,PCS,3,2026-03-10
ORD00855,S003,P005,PCS,3,2026-03-10
ORD00949,S002,P008,PCS,5,2026-03-10
ORD00955,S005,P005,PCS,19,2026-03-10
ORD00994,S003,P008,PCS,19,2026-03-10
ORD00018,S003,P006,PCS,22,2026-03-11
ORD00074,S001,P005,PCS,6,2026-03-11
ORD00082,S002,P008,PCS,2,2026-03-11
ORD00102,S003,P006,PCS,28,2026-03-11
ORD00110,S002,P009,PCS,25,2026-03-11
ORD00149,S001,P007,PCS,16,2026-03-11
ORD00166,S004,P002,PCS,21,2026-03-11
ORD00178,S003,P007,PCS,4,2026-03-11
ORD00205,S005,P007,PCS,2,2026-03-11
ORD00248,S002,P001,PCS,4,2026-03-11
ORD00252,S005,P005,PCS,16,2026-03-11
ORD00277,S004,P002,PCS,19,2026-03-11
ORD00281,S004,P002,PCS,18,2026-03-11
ORD00307,S002,P002,PCS,7,2026-03-11
ORD00322,S002,P004,PCS,28,2026-03-11
ORD00366,S004,P003,PCS,4,2026-03-11
ORD00381,S003,P004,PCS,7,2026-03-11
ORD00403,S002,P004,PCS,11,2026-03-11
ORD00418,S001,P009,PCS,16,2026-03-11
ORD00424,S005,P006,PCS,5,2026-03-11
ORD00477,S001,P003,PCS,12,2026-03-11
ORD00483,S002,P009,PCS,16,2026-03-11
ORD00624,S003,P001,PCS,25,2026-03-11
ORD00641,S004,P009,PCS,7,2026-03-11
ORD00670,S002,P009,PCS,22,2026-03-11
ORD00715,S001,P007,PCS,11,2026-03-11
ORD00716,S001,P001,PCS,6,2026-03-11
ORD00788,S001,P001,PCS,3,2026-03-11
ORD00836,S003,P005,PCS,3,2026-03-11
ORD00845,S003,P009,PCS,6,2026-03-11
ORD00860,S002,P004,PCS,29,2026-03-11
ORD00867,S004,P002,PCS,19,2026-03-11
ORD00895,S003,P001,PCS,28,2026-03-11
ORD00961,S001,P002,PCS,2,2026-03-11
ORD00991,S001,P008,PCS,7,2026-03-11
ORD00020,S004,P004,PCS,2,2026-03-12
ORD00031,S004,P002,PCS,25,2026-03-12
ORD00080,S001,P001,PCS,4,2026-03-12
ORD00107,S001,P009,PCS,14,2026-03-12
ORD00129,S005,P005,PCS,28,2026-03-12
ORD00168,S005,P009,PCS,7,2026-03-12
ORD00188,S002,P009,PCS,21,2026-03-12
ORD00191,S003,P008,PCS,10,2026-03-12
ORD00195,S003,P004,PCS,6,2026-03-12
ORD00268,S001,P008,PCS,3,2026-03-12
ORD00276,S001,P009,PCS,22,2026-03-12
ORD00286,S001,P003,PCS,11,2026-03-12
ORD00331,S005,P007,PCS,2,2026-03-12
ORD00377,S005,P003,PCS,2,2026-03-12
ORD00495,S005,P002,PCS,1,2026-03-12
ORD00588,S004,P008,PCS,19,2026-03-12
ORD00598,S003,P001,PCS,13,2026-03-12
ORD00614,S002,P006,PCS,3,2026-03-12
ORD00633,S002,P002,PCS,1,2026-03-12
ORD00636,S002,P009,PCS,10,2026-03-12
ORD00762,S001,P009,PCS,25,2026-03-12
ORD00798,S001,P001,PCS,1,2026-03-12
ORD00818,S004,P010,PCS,6,2026-03-12
ORD00829,S002,P004,PCS,10,2026-03-12
ORD00832,S005,P001,PCS,3,2026-03-12
ORD00842,S004,P006,PCS,3,2026-03-12
ORD00973,S003,P007,PCS,6,2026-03-12
ORD00977,S005,P004,PCS,5,2026-03-12
ORD00010,S004,P007,PCS,2,2026-03-13
ORD00079,S005,P003,PCS,3,2026-03-13
ORD00153,S002,P008,PCS,3,2026-03-13
ORD00163,S004,P001,PCS,7,2026-03-13
ORD00184,S001,P007,PCS,22,2026-03-13
ORD00217,S003,P004,PCS,1,2026-03-13
ORD00236,S003,P001,PCS,28,2026-03-13
ORD00256,S001,P009,PCS,14,2026-03-13
ORD00267,S003,P001,PCS,19,2026-03-13
ORD00283,S003,P006,PCS,26,2026-03-13
ORD00323,S003,P010,PCS,3,2026-03-13
ORD00330,S002,P004,PCS,13,2026-03-13
ORD00392,S005,P004,PCS,1,2026-03-13
ORD00399,S004,P005,PCS,7,2026-03-13
ORD00485,S002,P009,PCS,18,2026-03-13
ORD00492,S003,P009,PCS,1,2026-03-13
ORD00518,S002,P006,PCS,1,2026-03-13
ORD00519,S003,P002,PCS,1,2026-03-13
ORD00554,S001,P002,PCS,6,2026-03-13
ORD00564,S001,P008,PCS,5,2026-03-13
ORD00575,S002,P001,PCS,3,2026-03-13
ORD00580,S002,P003,PCS,7,2026-03-13
ORD00596,S002,P001,PCS,5,2026-03-13
ORD00604,S003,P008,PCS,15,2026-03-13
ORD00632,S004,P007,PCS,7,2026-03-13
ORD00678,S005,P010,PCS,10,2026-03-13
ORD00731,S001,P007,PCS,11,2026-03-13
ORD00735,S005,P010,PCS,26,2026-03-13
ORD00825,S004,P010,PCS,1,2026-03-13
ORD00830,S001,P007,PCS,20,2026-03-13
ORD00908,S002,P004,PCS,23,2026-03-13
ORD00912,S001,P009,PCS,24,2026-03-13
ORD00954,S002,P009,PCS,23,2026-03-13
ORD00984,S003,P001,PCS,26,2026-03-13
ORD00986,S002,P010,PCS,3,2026-03-13
ORD00057,S002,P004,PCS,16,2026-03-14
ORD00076,S002,P001,PCS,4,2026-03-14
ORD00114,S001,P007,PCS,25,2026-03-14
ORD00124,S001,P001,PCS,4,2026-03-14
ORD00161,S002,P008,PCS,4,2026-03-14
ORD00221,S004,P010,PCS,2,2026-03-14
ORD00245,S002,P009,PCS,11,2026-03-14
ORD00259,S004,P006,PCS,6,2026-03-14
ORD00274,S005,P005,PCS,20,2026-03-14
ORD00287,S002,P004,PCS,18,2026-03-14
ORD00305,S003,P006,PCS,29,2026-03-14
ORD00353,S003,P006,PCS,18,2026-03-14
ORD00395,S003,P001,PCS,11,2026-03-14
ORD00400,S001,P010,PCS,3,2026-03-14
ORD00420,S005,P005,PCS,13,2026-03-14
ORD00431,S001,P007,PCS,28,2026-03-14
ORD00457,S003,P002,PCS,1,2026-03-14
ORD00472,S003,P009,PCS,1,2026-03-14
ORD00510,S002,P007,PCS,3,2026-03-14
ORD00595,S003,P010,PCS,3,2026-03-14
ORD00647,S005,P005,PCS,27,2026-03-14
ORD00650,S001,P004,PCS,5,2026-03-14
ORD00807,S003,P001,PCS,22,2026-03-14
ORD00823,S005,P005,PCS,13,2026-03-14
ORD00850,S003,P008,PCS,22,2026-03-14
ORD00871,S003,P001,PCS,25,2026-03-14
ORD00876,S004,P007,PCS,3,2026-03-14
ORD00885,S003,P010,PCS,7,2026-03-14
ORD00929,S001,P003,PCS,25,2026-03-14
ORD00930,S001,P001,PCS,1,2026-03-14
ORD00932,S005,P006,PCS,1,2026-03-14
ORD00947,S004,P002,PCS,14,2026-03-14
ORD00960,S003,P005,PCS,7,2026-03-14
ORD00963,S001,P010,PCS,4,2026-03-14
ORD00978,S003,P001,PCS,19,2026-03-14
ORD00987,S005,P010,PCS,12,2026-03-14
ORD00003,S002,P010,PCS,7,2026-03-15
ORD00097,S004,P002,PCS,22,2026-03-15
ORD00141,S005,P009,PCS,2,2026-03-15
ORD00210,S002,P004,PCS,20,2026-03-15
ORD00348,S001,P003,PCS,25,2026-03-15
ORD00352,S004,P002,PCS,13,2026-03-15
ORD00365,S001,P007,PCS,24,2026-03-15
ORD00404,S003,P006,PCS,25,2026-03-15
ORD00437,S001,P004,PCS,1,2026-03-15
ORD00447,S005,P008,PCS,7,2026-03-15
ORD00456,S001,P010,PCS,7,2026-03-15
ORD00468,S003,P003,PCS,3,2026-03-15
ORD00496,S001,P001,PCS,6,2026-03-15
ORD00513,S003,P009,PCS,7,2026-03-15
ORD00540,S005,P010,PCS,18,2026-03-15
ORD00563,S003,P003,PCS,5,2026-03-15
ORD00566,S005,P010,PCS,22,2026-03-15
ORD00613,S003,P005,PCS,5,2026-03-15
ORD00622,S003,P003,PCS,4,2026-03-15
ORD00713,S001,P003,PCS,25,2026-03-15
ORD00736,S001,P005,PCS,5,2026-03-15
ORD00756,S002,P004,PCS,19,2026-03-15
ORD00790,S005,P010,PCS,16,2026-03-15
ORD00802,S004,P002,PCS,28,2026-03-15
ORD00834,S004,P008,PCS,27,2026-03-15
ORD00839,S003,P007,PCS,2,2026-03-15
ORD00862,S005,P010,PCS,17,2026-03-15
ORD00865,S002,P007,PCS,6,2026-03-15
ORD00866,S005,P006,PCS,3,2026-03-15
ORD00875,S005,P009,PCS,7,2026-03-15
ORD00904,S001,P004,PCS,3,2026-03-15
ORD00931,S001,P006,PCS,7,2026-03-15
ORD00936,S002,P004,PCS,23,2026-03-15
ORD00997,S003,P002,PCS,2,2026-03-15
ORD00054,S003,P001,PCS,11,2026-03-16
ORD00091,S004,P004,PCS,5,2026-03-16
ORD00128,S005,P009,PCS,7,2026-03-16
ORD00147,S001,P003,PCS,23,2026-03-16
ORD00152,S003,P009,PCS,4,2026-03-16
ORD00175,S003,P006,PCS,10,2026-03-16
ORD00193,S003,P008,PCS,18,2026-03-16
ORD00231,S001,P007,PCS,29,2026-03-16
ORD00255,S001,P001,PCS,1,2026-03-16
ORD00288,S005,P004,PCS,6,2026-03-16
ORD00292,S004,P008,PCS,11,2026-03-16
ORD00303,S004,P009,PCS,6,2026-03-16
ORD00324,S005,P002,PCS,1,2026-03-16
ORD00327,S001,P006,PCS,6,2026-03-16
ORD00336,S004,P008,PCS,15,2026-03-16
ORD00449,S001,P009,PCS,29,2026-03-16
ORD00453,S004,P009,PCS,2,2026-03-16
ORD00508,S005,P005,PCS,24,2026-03-16
ORD00527,S003,P004,PCS,6,2026-03-16
ORD00547,S004,P006,PCS,7,2026-03-16
ORD00592,S005,P010,PCS,29,2026-03-16
ORD00609,S005,P002,PCS,7,2026-03-16
ORD00625,S002,P004,PCS,11,2026-03-16
ORD00675,S002,P006,PCS,5,2026-03-16
ORD00723,S001,P001,PCS,5,2026-03-16
ORD00724,S001,P001,PCS,4,2026-03-16
ORD00739,S005,P004,PCS,7,2026-03-16
ORD00748,S004,P003,PCS,2,2026-03-16
ORD00774,S002,P009,PCS,10,2026-03-16
ORD00793,S003,P003,PCS,2,2026-03-16
ORD00803,S003,P002,PCS,3,2026-03-16
ORD00824,S002,P007,PCS,4,2026-03-16
ORD00847,S004,P006,PCS,1,2026-03-16
ORD00856,S003,P006,PCS,17,2026-03-16
ORD00892,S001,P004,PCS,1,2026-03-16
ORD00917,S001,P007,PCS,23,2026-03-16
ORD00964,S005,P010,PCS,17,2026-03-16
ORD00969,S005,P003,PCS,6,2026-03-16
ORD00032,S004,P008,PCS,12,2026-03-17
ORD00042,S002,P002,PCS,5,2026-03-17
ORD00093,S005,P004,PCS,1,2026-03-17
ORD00099,S002,P004,PCS,22,2026-03-17
ORD00241,S003,P008,PCS,16,2026-03-17
ORD00270,S002,P009,PCS,22,2026-03-17
ORD00298,S004,P004,PCS,1,2026-03-17
ORD00325,S003,P010,PCS,6,2026-03-17
ORD00350,S001,P001,PCS,5,2026-03-17
ORD00361,S005,P004,PCS,7,2026-03-17
ORD00362,S004,P002,PCS,24,2026-03-17
ORD00440,S005,P005,PCS,11,2026-03-17
ORD00473,S001,P006,PCS,7,2026-03-17
ORD00556,S001,P003,PCS,22,2026-03-17
ORD00605,S001,P003,PCS,21,2026-03-17
ORD00610,S004,P007,PCS,7,2026-03-17
ORD00645,S004,P008,PCS,16,2026-03-17
ORD00646,S004,P009,PCS,2,2026-03-17
ORD00648,S005,P004,PCS,1,2026-03-17
ORD00659,S001,P004,PCS,7,2026-03-17
ORD00662,S002,P009,PCS,25,2026-03-17
ORD00680,S001,P004,PCS,3,2026-03-17
ORD00714,S003,P006,PCS,17,2026-03-17
ORD00745,S002,P002,PCS,2,2026-03-17
ORD00750,S003,P010,PCS,6,2026-03-17
ORD00813,S001,P010,PCS,5,2026-03-17
ORD00827,S005,P008,PCS,6,2026-03-17
ORD00889,S005,P005,PCS,26,2026-03-17
ORD00893,S004,P003,PCS,1,2026-03-17
ORD00942,S005,P004,PCS,4,2026-03-17
ORD00953,S004,P008,PCS,20,2026-03-17
ORD00966,S005,P008,PCS,4,2026-03-17
ORD00015,S004,P002,PCS,29,2026-03-18
ORD00055,S003,P010,PCS,1,2026-03-18
ORD00088,S003,P009,PCS,6,2026-03-18
ORD00105,S003,P009,PCS,1,2026-03-18
ORD00119,S001,P006,PCS,5,2026-03-18
ORD00134,S002,P008,PCS,4,2026-03-18
ORD00232,S003,P003,PCS,6,2026-03-18
ORD00253,S004,P005,PCS,3,2026-03-18
ORD00279,S005,P010,PCS,18,2026-03-18
ORD00289,S001,P003,PCS,21,2026-03-18
ORD00294,S005,P005,PCS,17,2026-03-18
ORD00297,S004,P002,PCS,21,2026-03-18
ORD00335,S005,P005,PCS,26,2026-03-18
ORD00339,S003,P006,PCS,28,2026-03-18
ORD00356,S004,P009,PCS,3,2026-03-18
ORD00435,S002,P009,PCS,17,2026-03-18
ORD00476,S005,P010,PCS,22,2026-03-18
ORD00491,S002,P004,PCS,28,2026-03-18
ORD00559,S002,P007,PCS,6,2026-03-18
ORD00608,S003,P009,PCS,3,2026-03-18
ORD00611,S001,P008,PCS,1,2026-03-18
ORD00617,S003,P008,PCS,17,2026-03-18
ORD00707,S004,P003,PCS,7,2026-03-18
ORD00718,S001,P005,PCS,1,2026-03-18
ORD00754,S003,P006,PCS,22,2026-03-18
ORD00767,S003,P008,PCS,18,2026-03-18
ORD00841,S005,P002,PCS,2,2026-03-18
ORD00870,S002,P007,PCS,1,2026-03-18
ORD00887,S002,P006,PCS,6,2026-03-18
ORD00902,S004,P004,PCS,3,2026-03-18
ORD00988,S004,P003,PCS,6,2026-03-18
ORD00086,S001,P003,PCS,26,2026-03-19
ORD00112,S002,P008,PCS,4,2026-03-19
ORD00115,S005,P003,PCS,3,2026-03-19
ORD00235,S001,P003,PCS,14,2026-03-19
ORD00243,S002,P004,PCS,27,2026-03-19
ORD00254,S001,P007,PCS,14,2026-03-19
ORD00263,S005,P010,PCS,26,2026-03-19
ORD00271,S004,P005,PCS,5,2026-03-19
ORD00278,S003,P005,PCS,4,2026-03-19
ORD00304,S002,P004,PCS,10,2026-03-19
ORD00313,S005,P010,PCS,21,2026-03-19
ORD00340,S004,P010,PCS,3,2026-03-19
ORD00373,S001,P007,PCS,28,2026-03-19
ORD00374,S004,P007,PCS,3,2026-03-19
ORD00375,S004,P010,PCS,5,2026-03-19
ORD00385,S002,P004,PCS,12,2026-03-19
ORD00393,S004,P008,PCS,17,2026-03-19
ORD00410,S005,P010,PCS,24,2026-03-19
ORD00419,S003,P008,PCS,22,2026-03-19
ORD00436,S001,P009,PCS,12,2026-03-19
ORD00441,S002,P004,PCS,18,2026-03-19
ORD00480,S004,P002,PCS,12,2026-03-19
ORD00486,S001,P007,PCS,20,2026-03-19
ORD00490,S001,P005,PCS,5,2026-03-19
ORD00505,S004,P007,PCS,3,2026-03-19
ORD00584,S002,P009,PCS,12,2026-03-19
ORD00591,S003,P007,PCS,4,2026-03-19
ORD00599,S003,P001,PCS,17,2026-03-19
ORD00673,S001,P002,PCS,5,2026-03-19
ORD00682,S004,P008,PCS,15,2026-03-19
ORD00696,S005,P002,PCS,1,2026-03-19
ORD00757,S004,P008,PCS,12,2026-03-19
ORD00760,S001,P009,PCS,29,2026-03-19
ORD00763,S002,P008,PCS,3,2026-03-19
ORD00764,S002,P001,PCS,6,2026-03-19
ORD00772,S004,P005,PCS,2,2026-03-19
ORD00787,S002,P005,PCS,6,2026-03-19
ORD00820,S002,P001,PCS,4,2026-03-19
ORD00884,S002,P004,PCS,22,2026-03-19
ORD00907,S004,P008,PCS,13,2026-03-19
ORD00919,S001,P007,PCS,12,2026-03-19
ORD00940,S005,P001,PCS,1,2026-03-19
ORD00976,S001,P007,PCS,27,2026-03-19
ORD00033,S001,P003,PCS,29,2026-03-20
ORD00038,S001,P003,PCS,25,2026-03-20
ORD00089,S005,P010,PCS,26,2026-03-20
ORD00177,S004,P002,PCS,15,2026-03-20
ORD00202,S002,P004,PCS,27,2026-03-20
ORD00273,S003,P001,PCS,25,2026-03-20
ORD00320,S004,P008,PCS,18,2026-03-20
ORD00363,S005,P009,PCS,7,2026-03-20
ORD00364,S004,P005,PCS,2,2026-03-20
ORD00429,S001,P007,PCS,14,2026-03-20
ORD00522,S005,P005,PCS,24,2026-03-20
ORD00534,S005,P005,PCS,23,2026-03-20
ORD00537,S004,P007,PCS,7,2026-03-20
ORD00568,S001,P004,PCS,7,2026-03-20
ORD00571,S005,P009,PCS,3,2026-03-20
ORD00572,S005,P010,PCS,18,2026-03-20
ORD00612,S001,P001,PCS,7,2026-03-20
ORD00638,S004,P004,PCS,5,2026-03-20
ORD00644,S001,P005,PCS,4,2026-03-20
ORD00727,S004,P008,PCS,15,2026-03-20
ORD00728,S001,P001,PCS,5,2026-03-20
ORD00733,S003,P002,PCS,3,2026-03-20
ORD00737,S005,P005,PCS,14,2026-03-20
ORD00755,S001,P007,PCS,10,2026-03-20
ORD00759,S004,P009,PCS,4,2026-03-20
ORD00765,S002,P002,PCS,4,2026-03-20
ORD00789,S002,P010,PCS,4,2026-03-20
ORD00814,S001,P009,PCS,21,2026-03-20
ORD00837,S001,P004,PCS,3,2026-03-20
ORD00899,S002,P004,PCS,16,2026-03-20
ORD00924,S002,P001,PCS,6,2026-03-20
ORD00064,S004,P003,PCS,5,2026-03-21
ORD00092,S005,P003,PCS,3,2026-03-21
ORD00131,S003,P003,PCS,1,2026-03-21
ORD00183,S005,P004,PCS,7,2026-03-21
ORD00214,S002,P001,PCS,3,2026-03-21
ORD00282,S001,P007,PCS,13,2026-03-21
ORD00285,S002,P004,PCS,21,2026-03-21
ORD00333,S004,P009,PCS,3,2026-03-21
ORD00334,S004,P008,PCS,20,2026-03-21
ORD00342,S004,P008,PCS,22,2026-03-21
ORD00390,S002,P004,PCS,12,2026-03-21
ORD00401,S004,P002,PCS,23,2026-03-21
ORD00422,S003,P001,PCS,25,2026-03-21
ORD00504,S003,P008,PCS,12,2026-03-21
ORD00517,S005,P005,PCS,15,2026-03-21
ORD00539,S002,P004,PCS,23,2026-03-21
ORD00558,S005,P010,PCS,10,2026-03-21
ORD00573,S001,P007,PCS,15,2026-03-21
ORD00630,S002,P004,PCS,29,2026-03-21
ORD00631,S002,P002,PCS,5,2026-03-21
ORD00668,S001,P007,PCS,27,2026-03-21
ORD00686,S001,P007,PCS,27,2026-03-21
ORD00697,S002,P010,PCS,7,2026-03-21
ORD00717,S001,P001,PCS,7,2026-03-21
ORD00725,S005,P010,PCS,12,2026-03-21
ORD00740,S003,P006,PCS,27,2026-03-21
ORD00838,S005,P005,PCS,25,2026-03-21
ORD00853,S003,P006,PCS,29,2026-03-21
ORD00882,S004,P010,PCS,4,2026-03-21
ORD00890,S003,P004,PCS,2,2026-03-21
ORD00913,S002,P007,PCS,4,2026-03-21
ORD00915,S003,P010,PCS,1,2026-03-21
ORD00916,S003,P006,PCS,15,2026-03-21
ORD00938,S001,P003,PCS,13,2026-03-21
ORD00974,S005,P004,PCS,7,2026-03-21
ORD00004,S004,P009,PCS,5,2026-03-22
ORD00028,S003,P001,PCS,21,2026-03-22
ORD00062,S004,P005,PCS,4,2026-03-22
ORD00084,S005,P008,PCS,5,2026-03-22
ORD00120,S003,P006,PCS,25,2026-03-22
ORD00122,S003,P005,PCS,5,2026-03-22
ORD00123,S002,P010,PCS,6,2026-03-22
ORD00135,S004,P008,PCS,11,2026-03-22
ORD00194,S005,P005,PCS,18,2026-03-22
ORD00211,S004,P004,PCS,6,2026-03-22
ORD00222,S005,P006,PCS,2,2026-03-22
ORD00224,S004,P008,PCS,15,2026-03-22
ORD00225,S005,P005,PCS,16,2026-03-22
ORD00238,S004,P008,PCS,26,2026-03-22
ORD00251,S004,P001,PCS,4,2026-03-22
ORD00299,S004,P006,PCS,2,2026-03-22
ORD00315,S004,P008,PCS,28,2026-03-22
ORD00355,S001,P010,PCS,3,2026-03-22
ORD00411,S001,P003,PCS,18,2026-03-22
ORD00421,S005,P010,PCS,29,2026-03-22
ORD00432,S001,P007,PCS,17,2026-03-22
ORD00446,S001,P009,PCS,22,2026-03-22
ORD00528,S005,P003,PCS,6,2026-03-22
ORD00543,S003,P001,PCS,14,2026-03-22
ORD00561,S001,P009,PCS,28,2026-03-22
ORD00615,S002,P010,PCS,4,2026-03-22
ORD00652,S003,P006,PCS,17,2026-03-22
ORD00654,S003,P008,PCS,21,2026-03-22
ORD00693,S001,P003,PCS,12,2026-03-22
ORD00722,S001,P007,PCS,12,2026-03-22
ORD00752,S003,P008,PCS,24,2026-03-22
ORD00753,S003,P006,PCS,13,2026-03-22
ORD00761,S005,P008,PCS,7,2026-03-22
ORD00799,S003,P003,PCS,3,2026-03-22
ORD00962,S001,P003,PCS,25,2026-03-22
ORD00985,S001,P001,PCS,2,2026-03-22
ORD00053,S003,P002,PCS,2,2026-03-23
ORD00061,S004,P010,PCS,3,2026-03-23
ORD00117,S003,P006,PCS,10,2026-03-23
ORD00126,S002,P010,PCS,3,2026-03-23
ORD00127,S003,P002,PCS,4,2026-03-23
ORD00145,S002,P004,PCS,23,2026-03-23
ORD00171,S002,P004,PCS,17,2026-03-23
ORD00181,S001,P007,PCS,11,2026-03-23
ORD00192,S001,P007,PCS,10,2026-03-23
ORD00198,S005,P010,PCS,27,2026-03-23
ORD00220,S004,P008,PCS,20,2026-03-23
ORD00230,S003,P007,PCS,2,2026-03-23
ORD00242,S001,P007,PCS,16,2026-03-23
ORD00312,S004,P004,PCS,2,2026-03-23
ORD00316,S001,P003,PCS,14,2026-03-23
ORD00371,S004,P002,PCS,18,2026-03-23
ORD00379,S005,P002,PCS,5,2026-03-23
ORD00416,S003,P007,PCS,6,2026-03-23
ORD00501,S001,P007,PCS,24,2026-03-23
ORD00602,S003,P005,PCS,5,2026-03-23
ORD00657,S003,P006,PCS,29,2026-03-23
ORD00665,S001,P008,PCS,3,2026-03-23
ORD00674,S002,P004,PCS,10,2026-03-23
ORD00691,S004,P010,PCS,7,2026-03-23
ORD00710,S001,P003,PCS,24,2026-03-23
ORD00746,S004,P008,PCS,20,2026-03-23
ORD00747,S005,P005,PCS,29,2026-03-23
ORD00773,S001,P007,PCS,16,2026-03-23
ORD00783,S005,P005,PCS,14,2026-03-23
ORD00843,S005,P002,PCS,2,2026-03-23
ORD00852,S005,P010,PCS,29,2026-03-23
ORD00868,S005,P008,PCS,5,2026-03-23
ORD00897,S001,P003,PCS,17,2026-03-23
ORD00914,S003,P006,PCS,11,2026-03-23
ORD00928,S003,P008,PCS,19,2026-03-23
ORD00016,S005,P004,PCS,7,2026-03-24
ORD00029,S001,P007,PCS,20,2026-03-24
ORD00052,S001,P009,PCS,10,2026-03-24
ORD00087,S005,P001,PCS,1,2026-03-24
ORD00136,S005,P003,PCS,7,2026-03-24
ORD00157,S004,P008,PCS,12,2026-03-24
ORD00176,S001,P001,PCS,2,2026-03-24
ORD00206,S003,P002,PCS,7,2026-03-24
ORD00215,S002,P002,PCS,4,2026-03-24
ORD00218,S002,P008,PCS,1,2026-03-24
ORD00345,S003,P006,PCS,20,2026-03-24
ORD00397,S003,P003,PCS,2,2026-03-24
ORD00417,S005,P006,PCS,2,2026-03-24
ORD00445,S003,P010,PCS,7,2026-03-24
ORD00450,S001,P003,PCS,21,2026-03-24
ORD00466,S003,P008,PCS,29,2026-03-24
ORD00470,S003,P006,PCS,10,2026-03-24
ORD00523,S002,P010,PCS,6,2026-03-24
ORD00542,S005,P006,PCS,5,2026-03-24
ORD00552,S005,P010,PCS,18,2026-03-24
ORD00578,S002,P004,PCS,18,2026-03-24
ORD00606,S004,P004,PCS,2,2026-03-24
ORD00702,S005,P005,PCS,19,2026-03-24
ORD00720,S003,P006,PCS,16,2026-03-24
ORD00784,S002,P007,PCS,3,2026-03-24
ORD00785,S001,P009,PCS,22,2026-03-24
ORD00786,S004,P007,PCS,5,2026-03-24
ORD00816,S005,P010,PCS,12,2026-03-24
ORD00844,S003,P005,PCS,1,2026-03-24
ORD00848,S003,P006,PCS,20,2026-03-24
ORD00857,S001,P009,PCS,21,2026-03-24
ORD00926,S003,P001,PCS,29,2026-03-24
ORD00937,S005,P007,PCS,7,2026-03-24
ORD00983,S005,P008,PCS,5,2026-03-24
ORD00023,S002,P009,PCS,24,2026-03-25
ORD00026,S003,P006,PCS,26,2026-03-25
ORD00030,S003,P001,PCS,14,2026-03-25
ORD00039,S003,P004,PCS,1,2026-03-25
ORD00065,S003,P006,PCS,28,2026-03-25
ORD00085,S005,P005,PCS,12,2026-03-25
ORD00116,S005,P009,PCS,6,2026-03-25
ORD00143,S001,P009,PCS,20,2026-03-25
ORD00158,S003,P008,PCS,15,2026-03-25
ORD00201,S001,P007,PCS,28,2026-03-25
ORD00272,S005,P003,PCS,2,2026-03-25
ORD00280,S002,P009,PCS,22,2026-03-25
ORD00284,S003,P008,PCS,27,2026-03-25
ORD00293,S005,P005,PCS,21,2026-03-25
ORD00372,S002,P009,PCS,19,2026-03-25
ORD00444,S005,P003,PCS,5,2026-03-25
ORD00482,S004,P009,PCS,1,2026-03-25
ORD00484,S003,P007,PCS,2,2026-03-25
ORD00488,S002,P008,PCS,7,2026-03-25
ORD00489,S005,P010,PCS,23,2026-03-25
ORD00506,S003,P005,PCS,4,2026-03-25
ORD00521,S002,P009,PCS,10,2026-03-25
ORD00531,S003,P001,PCS,23,2026-03-25
ORD00533,S002,P004,PCS,23,2026-03-25
ORD00587,S001,P002,PCS,3,2026-03-25
ORD00639,S003,P001,PCS,21,2026-03-25
ORD00649,S001,P006,PCS,6,2026-03-25
ORD00791,S002,P009,PCS,17,2026-03-25
ORD00898,S005,P010,PCS,26,2026-03-25
ORD00900,S004,P001,PCS,6,2026-03-25
ORD00922,S002,P005,PCS,3,2026-03-25
ORD00952,S004,P008,PCS,15,2026-03-25
ORD00965,S003,P006,PCS,13,2026-03-25
ORD00982,S002,P002,PCS,1,2026-03-25
ORD01000,S002,P010,PCS,6,2026-03-25
ORD00005,S002,P005,PCS,4,2026-03-26
ORD00006,S003,P006,PCS,16,2026-03-26
ORD00071,S002,P003,PCS,5,2026-03-26
ORD00108,S004,P003,PCS,2,2026-03-26
ORD00174,S003,P008,PCS,27,2026-03-26
ORD00237,S003,P008,PCS,26,2026-03-26
ORD00448,S004,P006,PCS,6,2026-03-26
ORD00459,S001,P009,PCS,29,2026-03-26
ORD00475,S001,P010,PCS,4,2026-03-26
ORD00515,S001,P009,PCS,12,2026-03-26
ORD00549,S005,P003,PCS,5,2026-03-26
ORD00628,S005,P003,PCS,1,2026-03-26
ORD00643,S004,P001,PCS,6,2026-03-26
ORD00681,S001,P009,PCS,27,2026-03-26
ORD00690,S003,P006,PCS,12,2026-03-26
ORD00692,S003,P002,PCS,5,2026-03-26
ORD00804,S003,P005,PCS,2,2026-03-26
ORD00812,S005,P008,PCS,4,2026-03-26
ORD00894,S004,P001,PCS,1,2026-03-26
ORD00920,S003,P008,PCS,29,2026-03-26
ORD00957,S005,P008,PCS,2,2026-03-26
ORD00992,S004,P008,PCS,29,2026-03-26
ORD00002,S003,P001,PCS,21,2026-03-27
ORD00009,S001,P005,PCS,1,2026-03-27
ORD00013,S005,P003,PCS,7,2026-03-27
ORD00014,S003,P009,PCS,2,2026-03-27
ORD00036,S003,P007,PCS,1,2026-03-27
ORD00060,S004,P008,PCS,26,2026-03-27
ORD00066,S001,P009,PCS,18,2026-03-27
ORD00075,S003,P008,PCS,28,2026-03-27
ORD00083,S001,P007,PCS,27,2026-03-27
ORD00098,S002,P009,PCS,11,2026-03-27
ORD00103,S003,P002,PCS,4,2026-03-27
ORD00106,S001,P006,PCS,4,2026-03-27
ORD00118,S002,P001,PCS,7,2026-03-27
ORD00154,S001,P007,PCS,11,2026-03-27
ORD00190,S002,P001,PCS,1,2026-03-27
ORD00246,S003,P005,PCS,7,2026-03-27
ORD00262,S001,P009,PCS,26,2026-03-27
ORD00296,S004,P005,PCS,3,2026-03-27
ORD00314,S004,P009,PCS,3,2026-03-27
ORD00367,S001,P007,PCS,20,2026-03-27
ORD00388,S004,P008,PCS,13,2026-03-27
ORD00458,S003,P008,PCS,21,2026-03-27
ORD00634,S003,P006,PCS,27,2026-03-27
ORD00640,S004,P002,PCS,10,2026-03-27
ORD00694,S003,P001,PCS,23,2026-03-27
ORD00700,S003,P005,PCS,3,2026-03-27
ORD00712,S001,P005,PCS,2,2026-03-27
ORD00741,S002,P009,PCS,19,2026-03-27
ORD00770,S003,P005,PCS,3,2026-03-27
ORD00779,S001,P005,PCS,4,2026-03-27
ORD00796,S001,P009,PCS,26,2026-03-27
ORD00835,S005,P010,PCS,12,2026-03-27
ORD00859,S002,P009,PCS,11,2026-03-27
ORD00881,S001,P009,PCS,29,2026-03-27
ORD00903,S004,P010,PCS,1,2026-03-27
ORD00911,S001,P003,PCS,25,2026-03-27
ORD00918,S001,P005,PCS,5,2026-03-27
ORD00941,S003,P004,PCS,6,2026-03-27
ORD00993,S002,P009,PCS,11,2026-03-27
ORD00045,S002,P009,PCS,28,2026-03-28
ORD00046,S005,P003,PCS,3,2026-03-28
ORD00077,S002,P001,PCS,4,2026-03-28
ORD00113,S004,P005,PCS,6,2026-03-28
ORD00173,S001,P003,PCS,23,2026-03-28
ORD00196,S003,P001,PCS,26,2026-03-28
ORD00208,S004,P002,PCS,17,2026-03-28
ORD00240,S002,P009,PCS,18,2026-03-28
ORD00244,S004,P007,PCS,2,2026-03-28
ORD00266,S003,P009,PCS,4,2026-03-28
ORD00471,S002,P009,PCS,24,2026-03-28
ORD00581,S003,P008,PCS,13,2026-03-28
ORD00594,S001,P009,PCS,28,2026-03-28
ORD00623,S001,P003,PCS,15,2026-03-28
ORD00660,S002,P009,PCS,19,2026-03-28
ORD00669,S003,P006,PCS,21,2026-03-28
ORD00704,S005,P005,PCS,13,2026-03-28
ORD00730,S003,P003,PCS,3,2026-03-28
ORD00744,S003,P001,PCS,12,2026-03-28
ORD00778,S001,P004,PCS,2,2026-03-28
ORD00809,S003,P007,PCS,4,2026-03-28
ORD00854,S003,P007,PCS,7,2026-03-28
ORD00905,S002,P004,PCS,10,2026-03-28
ORD00923,S005,P005,PCS,25,2026-03-28
ORD00950,S002,P004,PCS,12,2026-03-28
ORD00981,S003,P005,PCS,4,2026-03-28
ORD00019,S001,P005,PCS,4,2026-03-29
ORD00027,S003,P001,PCS,14,2026-03-29
ORD00047,S002,P005,PCS,7,2026-03-29
ORD00101,S005,P004,PCS,7,2026-03-29
ORD00169,S003,P001,PCS,21,2026-03-29
ORD00172,S003,P009,PCS,6,2026-03-29
ORD00209,S003,P006,PCS,24,2026-03-29
ORD00226,S002,P001,PCS,6,2026-03-29
ORD00380,S002,P004,PCS,23,2026-03-29
ORD00384,S004,P001,PCS,5,2026-03-29
ORD00407,S002,P009,PCS,22,2026-03-29
ORD00442,S001,P008,PCS,2,2026-03-29
ORD00474,S003,P006,PCS,20,2026-03-29
ORD00526,S001,P007,PCS,10,2026-03-29
ORD00550,S003,P004,PCS,4,2026-03-29
ORD00579,S005,P006,PCS,4,2026-03-29
ORD00590,S003,P008,PCS,14,2026-03-29
ORD00619,S005,P008,PCS,1,2026-03-29
ORD00658,S005,P009,PCS,2,2026-03-29
ORD00679,S001,P002,PCS,4,2026-03-29
ORD00688,S004,P005,PCS,2,2026-03-29
ORD00734,S002,P004,PCS,10,2026-03-29
ORD00758,S004,P005,PCS,7,2026-03-29
ORD00776,S005,P005,PCS,27,2026-03-29
ORD00806,S001,P008,PCS,4,2026-03-29
ORD00811,S002,P001,PCS,2,2026-03-29
ORD00815,S005,P007,PCS,6,2026-03-29
ORD00863,S004,P002,PCS,26,2026-03-29
ORD00989,S002,P001,PCS,6,2026-03-29
ORD00990,S003,P008,PCS,19,2026-03-29
ORD00041,S003,P009,PCS,2,2026-03-30
ORD00056,S001,P006,PCS,2,2026-03-30
ORD00095,S002,P005,PCS,3,2026-03-30
ORD00133,S002,P003,PCS,4,2026-03-30
ORD00180,S004,P006,PCS,5,2026-03-30
ORD00200,S004,P006,PCS,1,2026-03-30
ORD00228,S005,P004,PCS,5,2026-03-30
ORD00264,S002,P004,PCS,24,2026-03-30
ORD00308,S004,P001,PCS,3,2026-03-30
ORD00332,S003,P008,PCS,19,2026-03-30
ORD00344,S005,P001,PCS,6,2026-03-30
ORD00408,S004,P008,PCS,20,2026-03-30
ORD00426,S001,P002,PCS,1,2026-03-30
ORD00451,S005,P006,PCS,1,2026-03-30
ORD00452,S003,P006,PCS,16,2026-03-30
ORD00461,S005,P010,PCS,13,2026-03-30
ORD00498,S001,P003,PCS,16,2026-03-30
ORD00502,S005,P010,PCS,18,2026-03-30
ORD00538,S004,P008,PCS,13,2026-03-30
ORD00548,S001,P003,PCS,17,2026-03-30
ORD00557,S004,P008,PCS,15,2026-03-30
ORD00666,S005,P005,PCS,11,2026-03-30
ORD00683,S004,P003,PCS,2,2026-03-30
ORD00695,S001,P002,PCS,4,2026-03-30
ORD00726,S002,P001,PCS,7,2026-03-30
ORD00751,S003,P001,PCS,13,2026-03-30
ORD00795,S005,P001,PCS,5,2026-03-30
ORD00880,S003,P001,PCS,14,2026-03-30
ORD00886,S005,P001,PCS,7,2026-03-30
ORD00921,S001,P008,PCS,5,2026-03-30
ORD00945,S004,P003,PCS,1,2026-03-30
ORD00968,S002,P009,PCS,14,2026-03-30
ORD00980,S002,P003,PCS,7,2026-03-30
ORD00998,S005,P005,PCS,16,2026-03-30
ORD00025,S002,P009,PCS,16,2026-03-31
ORD00035,S004,P002,PCS,19,2026-03-31
ORD00049,S001,P001,PCS,5,2026-03-31
ORD00132,S001,P008,PCS,7,2026-03-31
ORD00150,S003,P008,PCS,21,2026-03-31
ORD00160,S001,P008,PCS,1,2026-03-31
ORD00186,S003,P005,PCS,2,2026-03-31
ORD00187,S002,P010,PCS,2,2026-03-31
ORD00300,S003,P001,PCS,27,2026-03-31
ORD00318,S001,P007,PCS,29,2026-03-31
ORD00319,S005,P004,PCS,4,2026-03-31
ORD00389,S003,P008,PCS,25,2026-03-31
ORD00415,S002,P005,PCS,5,2026-03-31
ORD00438,S001,P009,PCS,27,2026-03-31
ORD00443,S001,P002,PCS,4,2026-03-31
ORD00524,S001,P005,PCS,7,2026-03-31
ORD00589,S001,P009,PCS,19,2026-03-31
ORD00607,S004,P006,PCS,7,2026-03-31
ORD00616,S002,P004,PCS,24,2026-03-31
ORD00621,S001,P007,PCS,15,2026-03-31
ORD00626,S002,P004,PCS,16,2026-03-31
ORD00627,S005,P005,PCS,22,2026-03-31
ORD00629,S001,P007,PCS,19,2026-03-31
ORD00677,S001,P003,PCS,15,2026-03-31
ORD00708,S001,P009,PCS,18,2026-03-31
ORD00792,S003,P009,PCS,1,2026-03-31
ORD00810,S005,P010,PCS,20,2026-03-31
ORD00821,S003,P010,PCS,1,2026-03-31
ORD00822,S001,P003,PCS,10,2026-03-31
ORD00833,S005,P003,PCS,7,2026-03-31
ORD00849,S004,P008,PCS,15,2026-03-31
ORD00858,S001,P001,PCS,5,2026-03-31
ORD00861,S005,P004,PCS,1,2026-03-31
ORD00888,S005,P002,PCS,2,2026-03-31
ORD00891,S001,P007,PCS,10,2026-03-31
ORD00956,S004,P002,PCS,11,2026-03-31
ORD00958,S002,P009,PCS,18,2026-03-31
ORD00972,S002,P005,PCS,5,2026-03-31
